krystal0093,2024-09-23 11:03:12,삭제
krystal0093,2024-08-06 01:10:25,24-08-05-html 회원가입창오류,셀렉터구현
krystal0093,2024-07-31 16:15:15,24-07-31-html 카카오페이지완성
krystal0093,2024-07-30 20:15:57,24-07-30-html 메인,푸터완성
krystal0093,2024-07-29 20:56:05,24-07-29-html 메인5번 도움영역완성
krystal0093,2024-07-29 01:09:12,24-07-29-html 메인4번완성
krystal0093,2024-07-28 19:27:25,24-07-28-html 메인 뉴스섹션1완성
krystal0093,2024-07-26 20:49:28,24-07-26-html 메인2번섹션나누기
krystal0093,2024-07-26 17:54:29,24-07-26-html 메인0,1 추가
krystal0093,2024-07-26 00:40:11,24-07-25-html 메인섹션1
krystal0093,2024-07-25 17:56:20,24-07-25-html 헤더완료
krystal0093,2024-07-24 23:19:59,2024-07-24-html 헤더 수정
krystal0093,2024-07-24 17:48:20,2024-07-24-html 헤더추가
krystal0093,2024-07-24 16:50:29,클론코딩 html 파일 생성
krystal0093,2024-07-24 16:40:15,Initial commit